{
    "mse": 0.7790844705825747,
    "r2": 0.22159772708331005
}