{
    "mse": 0.7685399317785807,
    "r2": 0.23213303266545005
}